province_occurred,city_occurred,location_id
Shaanxi,Xi'an,LOC-0001
Guangdong,Dongguan,LOC-0002
Guangdong,Shenzhen,LOC-0003
Tianjin,,LOC-0004
Beijing,Beijing,LOC-0005
Chongqing,Chongqing,LOC-0006
Tianjin,Tianjin,LOC-0007
Ningxia,Wuzhong,LOC-0008
Guangdong,,LOC-0009
Heilongjiang,Daqing,LOC-0010
Yunnan,Chuxiong,LOC-0011
Henan,Kaifeng,LOC-0012
Anhui,Bengbu,LOC-0013
Shaanxi,Weinan,LOC-0014
Shandong,Jinan,LOC-0015
Shanghai,Shanghai,LOC-0016
Guangdong,Heyuan,LOC-0017
Henan,Zhengzhou,LOC-0018
Shandong,,LOC-0019
Anhui,,LOC-0020
Yunnan,Dehong,LOC-0021
Fujian,Nanping,LOC-0022
Shaanxi,Yan'an,LOC-0023
Henan,Anyang,LOC-0024
Yunnan,Kunming,LOC-0025
Inner mongolia,Baotou,LOC-0026
Sichuan,Yibin,LOC-0027
Gansu,Jiayuguan,LOC-0028
Inner mongolia,Ulanqab,LOC-0029
Inner mongolia,Hohhot,LOC-0030
Henan,Zhoukou,LOC-0031
Hainan,Sanya,LOC-0032
Sichuan,Chengdu,LOC-0033
Henan,Xuchang,LOC-0034
Beijing,,LOC-0035
Jilin,Changchun,LOC-0036
Shanxi,,LOC-0037
Guangdong,Shantou,LOC-0038
Fujian,Fuzhou,LOC-0039
Heilongjiang,Harbin,LOC-0040
Jiangsu,Nanjing,LOC-0041
Hainan,,LOC-0042
Anhui,Bozhou,LOC-0043
Guangdong,Guangzhou,LOC-0044
Shandong,Yantai,LOC-0045
Sichuan,Dazhou,LOC-0046
Hubei,Xiangyang,LOC-0047
Henan,Sanmenxia,LOC-0048
Fujian,Longyan,LOC-0049
Henan,Nanyang,LOC-0050
Sichuan,,LOC-0051
Shaanxi,Xianyang,LOC-0052
Sichuan,Meishan,LOC-0053
Liaoning,Shenyang,LOC-0054
Fujian,Ningde,LOC-0055
Liaoning,Jinzhou,LOC-0056
Guangdong,Foshan,LOC-0057
Guangdong,Maoming,LOC-0058
Guangxi,Guilin,LOC-0059
Xinjiang,Bortala,LOC-0060
Zhejiang,Wenzhou,LOC-0061
,,LOC-0062
Jiangxi,Nanchang,LOC-0063
Yunnan,Qujing,LOC-0064
Hubei,Wuhan,LOC-0065
Guangdong,Shaoguan,LOC-0066
Fujian,,LOC-0067
Jiangsu,Yancheng,LOC-0068
Shandong,Linyi,LOC-0069
Fujian,Sanming,LOC-0070
Shandong,Qingdao,LOC-0071
Heilongjiang,Yichun,LOC-0072
Zhejiang,Taizhou,LOC-0073
Henan,Xinyang,LOC-0074
Gansu,Lanzhou,LOC-0075
Guangdong,Jiangmen,LOC-0076
Yunnan,Baoshan,LOC-0077
Hunan,,LOC-0078
Hebei,Baoding,LOC-0079
Heilongjiang,Mudanjiang,LOC-0080
Hainan,Haikou,LOC-0081
Henan,,LOC-0082
Hunan,Zhuzhou,LOC-0083
Zhejiang,Jinhua,LOC-0084
Gansu,Pingliang,LOC-0085
Fujian,Xiamen,LOC-0086
Guangdong,Zhongshan,LOC-0087
Guangdong,Zhuhai,LOC-0088
Yunnan,Pu'er,LOC-0089
Henan,Luoyang,LOC-0090
Guizhou,Guiyang,LOC-0091
Ningxia,Yinchuan,LOC-0092
Jiangxi,Shangrao,LOC-0093
Liaoning,Dandong,LOC-0094
Zhejiang,Huzhou,LOC-0095
Hebei,Shijiazhuang,LOC-0096
Shanxi,Taiyuan,LOC-0097
Hunan,Xiangtan,LOC-0098
Hubei,Xianning,LOC-0099
Zhejiang,Zhoushan,LOC-0100
Hebei,Handan,LOC-0101
Hunan,Hengyang,LOC-0102
Jilin,Jilin,LOC-0103
Hunan,Changsha,LOC-0104
Liaoning,Huludao,LOC-0105
Yunnan,,LOC-0106
Guangxi,Nanning,LOC-0107
Jiangsu,Wuxi,LOC-0108
Guangdong,Meizhou,LOC-0109
Henan,Shangqiu,LOC-0110
Jiangxi,Jiujiang,LOC-0111
Anhui,Fuyang,LOC-0112
Hebei,,LOC-0113
Jiangxi,Ji'an,LOC-0114
Hubei,Xiaogan,LOC-0115
Henan,Xinxiang,LOC-0116
Zhejiang,Ningbo,LOC-0117
Hunan,Chenzhou,LOC-0118
Sichuan,Zigong,LOC-0119
Xinjiang,Karamay,LOC-0120
Guangdong,Huizhou,LOC-0121
Hunan,Huaihua,LOC-0122
Guangdong,Qingyuan,LOC-0123
Anhui,Hefei,LOC-0124
Shandong,Jining,LOC-0125
Jiangsu,,LOC-0126
Liaoning,Anshan,LOC-0127
Chongqing,,LOC-0128
Henan,Luohe,LOC-0129
Inner mongolia,Ordos,LOC-0130
Sichuan,Guangyuan,LOC-0131
Jiangsu,Nantong,LOC-0132
Shaanxi,,LOC-0133
Shanxi,Changzhi,LOC-0134
Heilongjiang,,LOC-0135
Fujian,Zhangzhou,LOC-0136
Anhui,Suzhou,LOC-0137
Liaoning,Tieling,LOC-0138
Shandong,Dezhou,LOC-0139
Heilongjiang,Heihe,LOC-0140
Liaoning,Chaoyang,LOC-0141
Fujian,Quanzhou,LOC-0142
Inner mongolia,Tongliao,LOC-0143
Jiangsu,Suzhou,LOC-0144
Guangdong,Zhaoqing,LOC-0145
Inner mongolia,Xilin gol,LOC-0146
Xinjiang,Urumqi,LOC-0147
Zhejiang,Hangzhou,LOC-0148
Qinghai,Haixi,LOC-0149
Hubei,,LOC-0150
Liaoning,Panjin,LOC-0151
Shandong,Zibo,LOC-0152
Heilongjiang,Hegang,LOC-0153
Jiangsu,Suqian,LOC-0154
Sichuan,Suining,LOC-0155
Jiangxi,Fuzhou,LOC-0156
Sichuan,Luzhou,LOC-0157
Heilongjiang,Qitaihe,LOC-0158
Gansu,Jiuquan,LOC-0159
Shandong,Weifang,LOC-0160
Guangxi,Laibin,LOC-0161
Jiangsu,Xuzhou,LOC-0162
Jilin,Songyuan,LOC-0163
Shandong,Dongying,LOC-0164
Hunan,Xiangxi,LOC-0165
Guizhou,Zunyi,LOC-0166
Inner mongolia,Hulun buir,LOC-0167
Anhui,Huaibei,LOC-0168
Qinghai,Xining,LOC-0169
Liaoning,Dalian,LOC-0170
Anhui,Ma'anshan,LOC-0171
Hunan,Yiyang,LOC-0172
Hubei,Enshi,LOC-0173
Gansu,,LOC-0174
Shandong,Zaozhuang,LOC-0175
Jiangsu,Huaian,LOC-0176
Shanxi,Yangquan,LOC-0177
Jilin,Siping,LOC-0178
Xinjiang,Hami,LOC-0179
Anhui,Chizhou,LOC-0180
Inner mongolia,Bayannur,LOC-0181
Hebei,Chengde,LOC-0182
Jiangxi,Ganzhou,LOC-0183
Hunan,Shaoyang,LOC-0184
Heilongjiang,Suihua,LOC-0185
Anhui,Xuancheng,LOC-0186
Jiangxi,Pingxiang,LOC-0187
Guangxi,Baise,LOC-0188
Gansu,Wuwei,LOC-0189
Shanxi,Linfen,LOC-0190
Hebei,Cangzhou,LOC-0191
Tibet,,LOC-0192
Hubei,Ezhou,LOC-0193
Hunan,Yueyang,LOC-0194
Henan,Pingdingshan,LOC-0195
Heilongjiang,Jiamusi,LOC-0196
Hebei,Tangshan,LOC-0197
Jiangxi,Jingdezhen,LOC-0198
Heilongjiang,Shuangyashan,LOC-0199
Hubei,Jingmen,LOC-0200
Guizhou,,LOC-0201
Hongkong,,LOC-0202
Sichuan,Leshan,LOC-0203
Zhejiang,,LOC-0204
Shaanxi,Ankang,LOC-0205
Hubei,Yichang,LOC-0206
Shandong,Laiwu,LOC-0207
Shandong,Rizhao,LOC-0208
Shanxi,Yuncheng,LOC-0209
Guangxi,,LOC-0210
Hunan,Yongzhou,LOC-0211
Shandong,Binzhou,LOC-0212
Shandong,Heze,LOC-0213
Henan,Zhumadian,LOC-0214
Hubei,Huangshi,LOC-0215
Anhui,Lu'an,LOC-0216
Shaanxi,Yulin,LOC-0217
Hebei,Zhangjiakou,LOC-0218
Anhui,Huainan,LOC-0219
Heilongjiang,Qiqihar,LOC-0220
Yunnan,Diqing,LOC-0221
Inner mongolia,Xing'an league,LOC-0222
Jiangsu,Lianyungang,LOC-0223
Yunnan,Zhaotong,LOC-0224
Shanghai,,LOC-0225
Jilin,Tonghua,LOC-0226
Hubei,Jingzhou,LOC-0227
Jiangsu,Zhenjiang,LOC-0228
Gansu,Qingyang,LOC-0229
Heilongjiang,Jixi,LOC-0230
Anhui,Wuhu,LOC-0231
Anhui,Anqing,LOC-0232
Jiangsu,Yangzhou,LOC-0233
Jiangsu,Changzhou,LOC-0234
Jiangsu,Taizhou,LOC-0235
Jilin,Baishan,LOC-0236
Jiangxi,Xinyu,LOC-0237
Shandong,Taian,LOC-0238
Sichuan,Neijiang,LOC-0239
Sichuan,Guang'an,LOC-0240
Yunnan,Lijiang,LOC-0241
Gansu,Tianshui,LOC-0242
Shanxi,Xinzhou,LOC-0243
Shaanxi,Tongchuan,LOC-0244
Fujian,Putian,LOC-0245
Shaanxi,Baoji,LOC-0246
Hainan,Danzhou,LOC-0247
Anhui,Huangshan,LOC-0248
Guangdong,Zhanjiang,LOC-0249
Liaoning,,LOC-0250
Sichuan,Mianyang,LOC-0251
Henan,Jiaozuo,LOC-0252
Zhejiang,Jiaxing,LOC-0253
Jilin,Yanbian,LOC-0254
Hubei,Huanggang,LOC-0255
Hunan,Loudi,LOC-0256
Zhejiang,Shaoxing,LOC-0257
Guizhou,Qiandongnan,LOC-0258
Anhui,Chuzhou,LOC-0259
Xinjiang,,LOC-0260
Gansu,Zhangye,LOC-0261
Guangxi,Hechi,LOC-0262
"Hubei,Chongqing,Shaanxi",Nanjing,LOC-0263
"Jiangsu,Fujian","Changzhou,Quanzhou",LOC-0264
"Shanghai,Jiangsu,Zhejiang,Chongqing","Wenzhou,Ningbo,Hangzhou,Taizhou,Jiaxing,Huzhou,Shaoxing,Zhoushan,Lishui,Chengdu",LOC-0265
"Beijing,Shanghai,Fujian","Fuzhou,Sanming,Shenzhen,Chengdu",LOC-0266
"Shanghai,Hongkong",,LOC-0267
Shanxi,"Taiyuan,Datong,Yuncheng,Jincheng",LOC-0268
"Beijing,Gansu",Lanzhou,LOC-0269
Henan,"Dalian,Heihe,Suzhou,Nanjing,Xi'an",LOC-0270
"Jiangsu,Qinghai","Wuxi,Xining",LOC-0271
Sichuan,"Chengdu,Guangyuan,Ya'an",LOC-0272
Jiangsu,"Lianyungang,Wenzhou,Hangzhou,Huzhou",LOC-0273
,"Mianyang,Guangyuan",LOC-0274
"Shanghai,Jiangsu,Zhejiang,Guizhou","Xuzhou,Wuxi,Nanjing,Changsha",LOC-0275
"Chongqing,Yunnan","Kunming,Qujing,Simao",LOC-0276
Shandong,Liaocheng,LOC-0277
"Beijing,Tianjin,Liaoning,Heilongjiang,Hubei,Hunan,Guangdong,Guangxi,Macao","Heihe,Qingdao,Zhuhai",LOC-0278
"Beijing,Liaoning,Guangdong,Guangxi,Macao","Qingdao,Zhuhai",LOC-0279
,Taian,LOC-0280
,Enshi,LOC-0281
,Huaihua,LOC-0282
"Jilin,Heilongjiang,Jiangsu,Shandong,Henan,Hunan,Sichuan,Yunnan","Jilin,Yichun,Xuzhou,Nanjing,Nantong,Lianyungang,Yantai,Rizhao,Huaihua,Dongfang,Chengdu",LOC-0283
"Inner mongolia,Fujian,Jiangxi,Inner mongolia","Quanzhou,Nanchang",LOC-0284
"Hunan,Guangdong,Sichuan","Hengyang,Shenzhen,Chengdu,Ziyang",LOC-0285
Henan,"Qingdao,Sanmenxia",LOC-0286
"Beijing,Jiangsu","Yancheng,Changzhou,Ali",LOC-0287
,Luoyang,LOC-0288
"Shanghai,Zhejiang",Jiaxing,LOC-0289
Beijing,Shenzhen,LOC-0290
Sichuan,"Dalian,Chengdu,Deyang,Liangshan",LOC-0291
Shanxi,"Taiyuan,Jincheng,Jinzhong,Sanmenxia,Xi'an",LOC-0292
"Hubei,Guangdong",,LOC-0293
Sichuan,"Chengdu,Meishan",LOC-0294
Shandong,"Qingdao,Binzhou,Dongying",LOC-0295
"Beijing,Shandong","Langfang,Jinan,Qingdao",LOC-0296
Anhui,"Suzhou,Xiamen,Quanzhou,Rizhao",LOC-0297
"Shanghai,Jiangxi",Nanchang,LOC-0298
"Beijing,Tianjin,Shanghai,Hunan",Shenzhen,LOC-0299
"Heilongjiang,Shandong",Harbin,LOC-0300
"Shanghai,Chongqing",Xi'an,LOC-0301
Beijing,Shangqiu,LOC-0302
Shanghai,Nanjing,LOC-0303
Beijing,Quanzhou,LOC-0304
"Shanghai,Jiangxi","Nanchang,Zhongshan",LOC-0305
,Binzhou,LOC-0306
"Beijing,Shanghai,Yunnan",,LOC-0307
"Beijing,Guangxi,Shaanxi,Xinjiang","Chongzuo,Xi'an,Bayingolin",LOC-0308
"Shanghai,Jiangxi,Guangdong",,LOC-0309
"Jiangsu,Guangxi,Chongqing",Zhenjiang,LOC-0310
"Liaoning,Hubei,Chongqing","Chengdu,Kunming,Qujing",LOC-0311
"Beijing,Hebei,Shaanxi",Taiyuan,LOC-0312
Shanxi,"Taiyuan,Jincheng",LOC-0313
"Jiangsu,Zhejiang","Suzhou,Zhenjiang,Shaoxing",LOC-0314
"Beijing,Liaoning,Heilongjiang,Shandong","Dalian,Chaoyang,Jinan",LOC-0315
"Beijing,Zhejiang","Ningbo,Chengdu,Zigong",LOC-0316
"Zhejiang,Henan","Zhengzhou,Xuchang",LOC-0317
Hunan,"Changsha,Yiyang,Chengdu,Ziyang",LOC-0318
"Sichuan,Tibet",Dazhou,LOC-0319
,Zhengzhou,LOC-0320
,"Ganzhou,Jiujiang,Xinyu,Dongfang",LOC-0321
"Beijing,Liaoning,Shandong,Guangdong,Ningxia,Xinjiang","Shijiazhuang,Baotou,Shenzhen,Yinchuan,Urumqi",LOC-0322
"Beijing,Hebei,Shanxi",,LOC-0323
,Weifang,LOC-0324
"Beijing,Jiangsu",Nanjing,LOC-0325
"Beijing,Liaoning,Henan,Guangxi,Yunnan,Shaanxi","Shenyang,Fuxin,Sanmenxia,Guilin,Weinan,Baiyin",LOC-0326
Beijing,Chaoyang,LOC-0327
"Zhejiang,Shandong,Henan,Guangdong,Sichuan","Huzhou,Lishui,Xiamen,Quanzhou,Zhumadian",LOC-0328
"Tianjin,Chongqing","Dalian,Dongfang",LOC-0329
"Hebei,Shanxi,Inner mongolia,Inner mongolia","Hohhot,Hulun buir",LOC-0330
Jiangsu,"Nanjing,Huainan",LOC-0331
Jiangsu,"Yancheng,Haidong",LOC-0332
"Hebei,Jilin,Fujian,Hunan,Guangdong,Gansu","Handan,Jilin,Nanjing,Zhenjiang,Shaoxing,Xiamen,Quanzhou,Hengyang,Nanning,Wenchang,Wuwei",LOC-0333
Hubei,"Chaoyang,Shiyan",LOC-0334
"Shandong,Henan,Hunan,Macao","Huzhou,Xiamen,Quanzhou,Zhumadian",LOC-0335
"Beijing,Hebei,Shanghai","Xingtai,Langfang,Zhengzhou,Jiaozuo,Baiyin",LOC-0336
Guangxi,Liuzhou,LOC-0337
"Beijing,Jilin,Shanghai,Shandong,Chongqing","Jilin,Changchun,Qingdao",LOC-0338
Beijing,"Cangzhou,Chaoyang",LOC-0339
"Beijing,Inner mongolia,Shanghai,Zhejiang,Fujian,Inner mongolia","Tongliao,Putian",LOC-0340
Hunan,Changchun,LOC-0341
Liaoning,"Shenyang,Yichun,Guilin",LOC-0342
"Fujian,Henan,Guangdong","Xiamen,Quanzhou,Zhengzhou,Shenzhen",LOC-0343
"Beijing,Inner mongolia,Jilin,Zhejiang,Anhui,Jiangxi,Shandong,Guizhou,Inner mongolia","Baotou,Jilin,Harbin,Nanjing,Nantong,Wenzhou,Ningbo,Hangzhou,Shaoxing,Xuancheng,Putian,Qingdao,Yantai,Zhengzhou",LOC-0344
"Beijing,Jilin,Shanghai,Anhui,Jiangxi,Guangxi,Xinjiang","Handan,Shenyang,Jilin,Ningbo,Hangzhou,Jiaxing,Xuancheng,Changsha,Shenzhen,Baiyin",LOC-0345
,"Xuzhou,Zhengzhou,Shangqiu,Chengdu",LOC-0346
"Beijing,Jiangsu,Shandong",Yantai,LOC-0347
"Beijing,Shanxi",Taiyuan,LOC-0348
"Beijing,Shandong","Chaoyang,Yantai",LOC-0349
"Zhejiang,Shandong",Binzhou,LOC-0350
"Beijing,Hebei",Baoding,LOC-0351
"Beijing,Hebei,Shanxi,Zhejiang,Henan,Sichuan","Shijiazhuang,Linfen,Ningbo,Hangzhou,Nanyang,Changsha,Luzhou",LOC-0352
"Beijing,Zhejiang","Ningbo,Chengdu",LOC-0353
"Zhejiang,Guangdong","Wenzhou,Lishui",LOC-0354
"Shandong,Gansu","Suzhou,Hangzhou,Binzhou,Linxia",LOC-0355
"Henan,Shaanxi","Sanmenxia,Weinan",LOC-0356
"Shanghai,Sichuan","Qinhuangdao,Shenyang,Hangzhou,Zhengzhou,Chengdu,Neijiang,Xi'an",LOC-0357
"Guangdong,Guangxi","Shaoguan,Hezhou",LOC-0358
"Beijing,Shanghai,Chongqing",Shijiazhuang,LOC-0359
"Chongqing,Hongkong",,LOC-0360
"Hebei,Liaoning,Jiangxi","Shenyang,Ganzhou",LOC-0361
"Beijing,Zhejiang,Anhui","Changzhou,Hangzhou",LOC-0362
"Beijing,Hainan",Chengdu,LOC-0363
Shanghai,"Linfen,Ordos,Panjin,Nantong,Hangzhou,Jiaxing,Ningde,Qingdao,Dazhou",LOC-0364
"Beijing,Guangdong",Dongguan,LOC-0365
"Beijing,Shanghai,Jiangsu","Suzhou,Nanjing,Nantong",LOC-0366
"Beijing,Tianjin,Jiangsu,Shandong,Henan","Nanjing,Jinan,Dezhou",LOC-0367
"Jilin,Jiangsu","Jilin,Changchun,Wuxi,Zhongshan,Shenzhen",LOC-0368
Guangxi,"Nanning,Liuzhou",LOC-0369
,Zhongshan,LOC-0370
"Beijing,Shanxi,Shanghai,Zhejiang,Shaanxi","Yuncheng,Ningbo,Zhoushan,Xi'an",LOC-0371
"Shanghai,Jiangsu",,LOC-0372
Beijing,"Ordos,Suzhou,Sanya",LOC-0373
"Zhejiang,Guangxi","Jinhua,Nanning,Ali",LOC-0374
"Inner mongolia,Sichuan,Inner mongolia","Shenzhen,Chengdu",LOC-0375
,Nanjing,LOC-0376
Shaanxi,"Quanzhou,Xi'an,Xianyang",LOC-0377
,Changsha,LOC-0378
"Shanghai,Zhejiang","Anshan,Ningbo",LOC-0379
,"Xiamen,Xi'an",LOC-0380
"Shandong,Henan","Jinan,Qingdao,Zhengzhou,Nanyang",LOC-0381
Liaoning,Yingkou,LOC-0382
"Henan,Hainan",Nanyang,LOC-0383
"Beijing,Shandong","Jinan,Heze",LOC-0384
Hunan,"Changsha,Nanning",LOC-0385
"Beijing,Tianjin,Hebei",Cangzhou,LOC-0386
"Beijing,Tianjin,Hebei,Shanghai,Hubei","Langfang,Ningbo,Lanzhou",LOC-0387
"Hunan,Guizhou",Yueyang,LOC-0388
"Tianjin,Shanghai","Langfang,Tonghua,Ningbo,Xinyang,Foshan",LOC-0389
Hebei,"Shijiazhuang,Zhangjiakou",LOC-0390
"Beijing,Anhui",Anshan,LOC-0391
Hubei,"Jingzhou,Jingmen",LOC-0392
Hongkong,"Shenzhen,Jiangmen",LOC-0393
Shandong,"Jinan,Suining",LOC-0394
"Beijing,Jiangsu",Changzhou,LOC-0395
,Baoji,LOC-0396
Hunan,Hangzhou,LOC-0397
"Beijing,Hunan,Guangdong,Sichuan,Hongkong","Shenzhen,Chengdu,Aba,Panzhihua",LOC-0398
,Ningbo,LOC-0399
"Beijing,Hubei",,LOC-0400
"Tianjin,Shanghai,Zhejiang,Hongkong",,LOC-0401
Shanghai,Jinhua,LOC-0402
Jiangsu,"Suzhou,Nantong",LOC-0403
"Hubei,Hunan","Hangzhou,Huangshi",LOC-0404
"Shanghai,Jiangsu","Nanjing,Huaian",LOC-0405
"Beijing,Zhejiang,Guangdong,Hongkong","Ningbo,Hangzhou,Jinhua",LOC-0406
"Hebei,Jilin","Jilin,Changchun",LOC-0407
,"Tianshui,Dingxi,Pingliang",LOC-0408
"Zhejiang,Shandong","Shijiazhuang,Hangzhou,Taizhou,Shaoxing,Binzhou",LOC-0409
Beijing,"Taiyuan,Xi'an",LOC-0410
"Beijing,Jilin,Shandong,Macao","Dalian,Jilin",LOC-0411
Zhejiang,"Nanjing,Lishui",LOC-0412
"Shanghai,Zhejiang,Chongqing","Changsha,Shenzhen",LOC-0413
,Jiuquan,LOC-0414
"Beijing,Henan,Yunnan","Zhengzhou,Xinyang,Zhoukou,Zhumadian,Luohe,Xuchang,Haidong",LOC-0415
"Shanghai,Zhejiang","Wenzhou,Shenzhen",LOC-0416
"Zhejiang,Jiangxi,Henan,Hubei","Wenzhou,Hangzhou,Taizhou,Shaoxing,Pingxiang,Zhengzhou,Nanyang,Luoyang,Xinyang,Zhoukou,Shangqiu,Jiaozuo,Xuchang",LOC-0417
"Hainan,Shaanxi","Kaifeng,Xi'an",LOC-0418
Guangxi,Beihai,LOC-0419
"Beijing,Hebei,Shanxi,Zhejiang,Henan,Hunan,Guangdong,Sichuan","Shijiazhuang,Hangzhou,Luzhou",LOC-0420
,"Beihai,Nanning",LOC-0421
Hebei,Shenzhen,LOC-0422
"Beijing,Tianjin,Shandong",Weihai,LOC-0423
"Shanghai,Zhejiang","Ningbo,Taizhou,Shaoxing",LOC-0424
,Shenzhen,LOC-0425
"Shanghai,Shandong",,LOC-0426
"Zhejiang,Hunan",Jinhua,LOC-0427
"Beijing,Sichuan",Chengdu,LOC-0428
"Inner mongolia,Liaoning,Jilin,Heilongjiang,Shaanxi,Inner mongolia","Hohhot,Alxa,Jilin,Xianyang",LOC-0429
Zhejiang,"Nanjing,Hangzhou",LOC-0430
"Beijing,Zhejiang,Hubei,Guangdong,Hongkong",Ningbo,LOC-0431
Shanghai,Hangzhou,LOC-0432
"Beijing,Henan,Hunan,Sichuan","Hangzhou,Nanyang,Changsha,Luzhou",LOC-0433
"Beijing,Zhejiang,Anhui,Henan,Hunan,Guangdong,Sichuan","Hangzhou,Nanyang,Changsha,Luzhou",LOC-0434
"Beijing,Jiangsu,Zhejiang,Anhui,Henan,Hunan,Guangdong,Sichuan","Hangzhou,Wuhu,Nanyang,Changsha,Hengyang,Baisha,Luzhou",LOC-0435
"Beijing,Shanghai,Jiangsu,Zhejiang,Anhui,Henan,Hunan,Guangdong,Sichuan","Hangzhou,Wuhu,Nanyang,Changsha,Hengyang,Baisha,Luzhou",LOC-0436
"Shanghai,Jiangsu,Zhejiang,Hubei,Hunan","Hangzhou,Shaoxing,Hengyang",LOC-0437
,Baiyin,LOC-0438
"Beijing,Heilongjiang,Hainan","Qitaihe,Qionghai,Dongfang",LOC-0439
"Beijing,Shanghai",,LOC-0440
"Beijing,Shandong",Qingyuan,LOC-0441
"Shanxi,Hainan,Chongqing","Anyang,Ding'an",LOC-0442
"Inner mongolia,Jiangsu,Hainan,Xinjiang,Inner mongolia","Suzhou,Nanjing",LOC-0443
Jilin,"Jilin,Tonghua",LOC-0444
Beijing,"Wuxi,Luzhou",LOC-0445
"Liaoning,Heilongjiang","Shenyang,Jiamusi",LOC-0446
,"Xinxiang,Dongfang",LOC-0447
"Henan,Hunan",Changsha,LOC-0448
"Shanghai,Hunan",Changsha,LOC-0449
"Beijing,Shanghai,Jiangsu,Hunan,Shaanxi",Nanjing,LOC-0450
,Shenyang,LOC-0451
"Shanghai,Zhejiang,Guizhou","Hangzhou,Zhengzhou",LOC-0452
"Jiangsu,Henan,Hunan",Zhengzhou,LOC-0453
"Hunan,Shaanxi","Changsha,Xi'an,Baiyin",LOC-0454
Jiangsu,"Nanjing,Ningbo",LOC-0455
Shandong,"Jinan,Weifang",LOC-0456
"Guangdong,Hongkong","Shenzhen,Jiangmen",LOC-0457
Zhejiang,"Wenzhou,Xiamen",LOC-0458
,Wenzhou,LOC-0459
"Beijing,Jilin,Hubei,Sichuan,Xinjiang","Jilin,Urumqi,Ili,Changji,Shihezi,Aksu,Kashgar",LOC-0460
Beijing,"Nanjing,Taizhou",LOC-0461
"Beijing,Shandong","Qingdao,Zibo,Binzhou",LOC-0462
"Beijing,Inner mongolia,Shanghai,Jiangsu,Anhui,Henan,Inner mongolia","Shaoxing,Huainan,Xuchang",LOC-0463
"Hebei,Guangdong","Shijiazhuang,Handan,Qingyuan",LOC-0464
"Hebei,Liaoning,Jiangsu","Langfang,Dalian,Shenyang,Nantong",LOC-0465
Yunnan,"Shijiazhuang,Tangshan,Xingtai",LOC-0466
Zhejiang,"Shaoxing,Beihai",LOC-0467
Zhejiang,"Hangzhou,Xiamen",LOC-0468
Zhejiang,Lishui,LOC-0469
"Shanghai,Macao",Xiamen,LOC-0470
Hebei,"Handan,Xingtai",LOC-0471
Beijing,Nanjing,LOC-0472
"Fujian,Guangdong,Sichuan,Macao","Dongfang,Chengdu",LOC-0473
Zhejiang,"Ningbo,Lanzhou",LOC-0474
,Wuxi,LOC-0475
Guangdong,"Shenzhen,Foshan,Haibei",LOC-0476
"Zhejiang,Anhui","Wenzhou,Jinhua",LOC-0477
"Zhejiang,Hunan",Hangzhou,LOC-0478
Guangdong,"Zhanjiang,Sanya",LOC-0479
"Beijing,Jiangsu","Anshan,Nanjing,Ningbo,Zhuhai",LOC-0480
"Hainan,Hongkong",Guilin,LOC-0481
,"Jinan,Dongying",LOC-0482
,Shijiazhuang,LOC-0483
"Beijing,Shanghai,Jiangsu,Chongqing,Hongkong","Suzhou,Wuxi,Nanjing,Nantong,Changzhou,Huaian,Hangzhou",LOC-0484
Jiangxi,Hengshui,LOC-0485
Guangdong,"Dongguan,Shenzhen,Jieyang",LOC-0486
"Beijing,Jilin","Jilin,Changchun,Yanbian",LOC-0487
"Beijing,Heilongjiang","Shenyang,Harbin",LOC-0488
"Beijing,Inner mongolia,Jiangsu,Fujian,Jiangxi,Shandong,Hunan,Guangdong,Shaanxi,Inner mongolia","Ordos,Wenzhou,Hangzhou",LOC-0489
"Tianjin,Shaanxi",Shenyang,LOC-0490
"Shanghai,Jiangsu,Zhejiang,Hainan","Nantong,Wenzhou,Dongfang",LOC-0491
"Fujian,Guangdong",,LOC-0492
Jiangsu,"Nanjing,Dongfang",LOC-0493
Guangdong,"Shenzhen,Foshan",LOC-0494
Shandong,"Jinan,Zibo,Jiyuan",LOC-0495
"Anhui,Shandong","Wuhu,Bengbu",LOC-0496
Shanghai,Qingdao,LOC-0497
"Shanghai,Zhejiang,Anhui,Sichuan","Wenzhou,Xi'an",LOC-0498
Jiangsu,"Wuxi,Nanjing,Zhongshan,Shannan",LOC-0499
Shanxi,"Taiyuan,Ningbo",LOC-0500
Hongkong,Dongguan,LOC-0501
"Shanghai,Qinghai","Jiujiang,Luoyang",LOC-0502
Shanghai,Wenzhou,LOC-0503
"Shanghai,Fujian,Shandong,Guangdong","Weihai,Zhongshan,Dongfang",LOC-0504
Jiangsu,"Nanjing,Jingdezhen",LOC-0505
"Beijing,Jiangsu,Zhejiang,Jiangxi,Guangdong","Nanchang,Shenzhen,Zhuhai,Dongfang",LOC-0506
"Jiangsu,Hongkong",Nantong,LOC-0507
Zhejiang,"Nantong,Jinhua",LOC-0508
"Beijing,Sichuan","Chengdu,Meishan",LOC-0509
,Changchun,LOC-0510
"Beijing,Shanghai,Henan,Hainan","Nantong,Zhengzhou,Shangqiu",LOC-0511
Guangdong,Dalian,LOC-0512
"Jiangsu,Hongkong","Yancheng,Lianyungang",LOC-0513
Shanghai,"Lianyungang,Ningbo,Foshan",LOC-0514
"Beijing,Tianjin,Shanghai","Dandong,Yingkou,Harbin",LOC-0515
"Shanghai,Guangxi",,LOC-0516
Beijing,"Nanjing,Qingdao,Shenzhen",LOC-0517
"Tianjin,Heilongjiang,Shanghai","Harbin,Wenzhou",LOC-0518
Sichuan,"Shenzhen,Jiangmen",LOC-0519
"Shanghai,Hunan,Chongqing,Guizhou","Changsha,Hengyang,Dongfang,Guiyang",LOC-0520
"Shanghai,Zhejiang,Jiangxi,Hubei,Qinghai","Wenzhou,Hangzhou,Huzhou,Shaoxing",LOC-0521
,Fuzhou,LOC-0522
"Chongqing,Macao",Baiyin,LOC-0523
"Beijing,Shanghai,Jiangsu,Guangdong",,LOC-0524
"Beijing,Heilongjiang,Shanghai",Foshan,LOC-0525
,Xi'an,LOC-0526
"Shanghai,Jiangsu,Jiangxi,Shandong,Guangdong","Zhenjiang,Wenzhou,Xinyu,Zhongshan",LOC-0527
,Jinan,LOC-0528
"Zhejiang,Shandong,Xinjiang","Xuzhou,Linyi",LOC-0529
"Shandong,Hongkong",Yantai,LOC-0530
"Beijing,Zhejiang,Hongkong",Wenzhou,LOC-0531
"Sichuan,Hongkong,Macao",Zhuhai,LOC-0532
Jiangsu,"Wuxi,Zhengzhou",LOC-0533
"Anhui,Jiangxi,Guangdong,Hongkong","Nanchang,Dongfang,Lingao",LOC-0534
"Beijing,Jilin","Jilin,Dezhou",LOC-0535
,Dongguan,LOC-0536
,Qingdao,LOC-0537
Shanghai,Dalian,LOC-0538
"Tianjin,Hongkong","Nanjing,Jinan,Qingdao,Weifang,Shenzhen",LOC-0539
Shanghai,Baiyin,LOC-0540
"Shanghai,Zhejiang",Wenzhou,LOC-0541
,Nantong,LOC-0542
Zhejiang,"Wenzhou,Huangshan",LOC-0543
"Guangxi,Chongqing","Nanning,Hechi",LOC-0544
"Jiangsu,Zhejiang",,LOC-0545
"Guangxi,Yunnan","Yulin,Liuzhou,Qujing",LOC-0546
Jiangsu,"Nanjing,Lianyungang",LOC-0547
,Xiantao,LOC-0548
Zhejiang,"Wenzhou,Lishui",LOC-0549
"Zhejiang,Guangxi,Chongqing",Beihai,LOC-0550
Yunnan,"Dalian,Wenshan",LOC-0551
,Luzhou,LOC-0552
,"Shijiazhuang,Chengdu",LOC-0553
,Nanchang,LOC-0554
Shandong,"Xiamen,Qingdao",LOC-0555
"Inner mongolia,Inner mongolia",,LOC-0556
"Guangdong,Guangxi","Yulin,Nanning",LOC-0557
"Jiangsu,Zhejiang","Nanjing,Wenzhou,Hangzhou,Taizhou,Xi'an,Tianshui",LOC-0558
Guangxi,Guigang,LOC-0559
Zhejiang,"Wenzhou,Hangzhou",LOC-0560
"Zhejiang,Fujian",Shaoxing,LOC-0561
"Hubei,Guangdong","Jiangmen,Yangjiang",LOC-0562
"Hubei,Guangdong","Nanchang,Dongguan",LOC-0563
"Beijing,Shanghai,Guangdong","Zhanjiang,Nanning",LOC-0564
"Zhejiang,Jiangxi",Ningbo,LOC-0565
"Beijing,Tibet","Harbin,Shenzhen",LOC-0566
"Beijing,Zhejiang",Jinhua,LOC-0567
"Zhejiang,Hunan,Hongkong","Ningbo,Changsha,Hengyang",LOC-0568
Beijing,Dalian,LOC-0569
"Jiangsu,Zhejiang","Shenyang,Zhenjiang,Taizhou",LOC-0570
"Shanghai,Zhejiang,Hunan,Shaanxi","Hangzhou,Jinan,Yiyang",LOC-0571
"Beijing,Hebei,Shaanxi","Shijiazhuang,Xianyang",LOC-0572
"Jiangxi,Henan","Ganzhou,Zhengzhou,Xuchang",LOC-0573
"Shanghai,Zhejiang,Chongqing",,LOC-0574
"Shandong,Gansu",Lanzhou,LOC-0575
Zhejiang,"Hangzhou,Shenzhen",LOC-0576
"Inner mongolia,Tibet,Inner mongolia",Tongliao,LOC-0577
,"Fuzhou,Putian",LOC-0578
"Shanghai,Anhui,Fujian,Guangdong,Macao","Anshan,Jinan,Zhongshan",LOC-0579
Heilongjiang,"Nanjing,Zhenjiang",LOC-0580
,Harbin,LOC-0581
"Beijing,Shanghai,Zhejiang,Hongkong","Nanjing,Hangzhou,Shenzhen",LOC-0582
"Beijing,Shanghai,Hainan,Hongkong","Nanjing,Shenzhen",LOC-0583
Zhejiang,"Hangzhou,Jinhua",LOC-0584
"Beijing,Tianjin,Shanxi",Linfen,LOC-0585
Hebei,Langfang,LOC-0586
"Zhejiang,Hunan","Ningbo,Shenzhen",LOC-0587
"Fujian,Yunnan",Ningbo,LOC-0588
Hunan,"Hengyang,Shenzhen",LOC-0589
"Beijing,Shanghai,Hunan,Shaanxi",Hangzhou,LOC-0590
Shanghai,Ningbo,LOC-0591
Hainan,Wanning,LOC-0592
Zhejiang,"Nanjing,Zhoushan",LOC-0593
Guangxi,Dongguan,LOC-0594
,Xiamen,LOC-0595
,Hohhot,LOC-0596
"Shanxi,Zhejiang","Taiyuan,Wenzhou",LOC-0597
,Suzhou,LOC-0598
"Jiangsu,Yunnan",Nanjing,LOC-0599
,Wuhu,LOC-0600
,Xingtai,LOC-0601
Guangxi,"Tangshan,Nanning",LOC-0602
,Qiqihar,LOC-0603
"Shanxi,Jiangsu,Zhejiang","Nantong,Wenzhou,Xiamen",LOC-0604
,Hangzhou,LOC-0605
,Weihai,LOC-0606
"Henan,Guangdong,Hongkong,Macao",,LOC-0607
"Zhejiang,Jiangxi,Hubei","Hangzhou,Jiaxing",LOC-0608
"Shanghai,Zhejiang,Shandong,Hunan,Hongkong","Wenzhou,Qingdao,Jining,Weifang,Zhuzhou,Shenzhen",LOC-0609
Hunan,"Suzhou,Lishui",LOC-0610
"Shanxi,Jiangsu,Zhejiang,Fujian,Guangdong,Chongqing","Xuzhou,Wenzhou,Ningbo,Hangzhou,Huzhou",LOC-0611
"Inner mongolia,Fujian,Inner mongolia",Ningde,LOC-0612
"Shanghai,Xinjiang","Urumqi,Karamay",LOC-0613
"Guangxi,Xinjiang","Taiyuan,Urumqi,Wujiaqu",LOC-0614
Guangdong,Nanchang,LOC-0615
,"Shijiazhuang,Jinan,Taian",LOC-0616
"Shanghai,Zhejiang",Jinhua,LOC-0617
,"Tangshan,Qinhuangdao",LOC-0618
"Shandong,Shaanxi",Rizhao,LOC-0619
,"Xiamen,Jinan",LOC-0620
Qinghai,,LOC-0621
Shanxi,"Taiyuan,Yangquan",LOC-0622
"Shanghai,Anhui",Liuzhou,LOC-0623
,Nanning,LOC-0624
Guangxi,"Fuxin,Jinan,Qingdao,Zibo,Weifang",LOC-0625
,"Sanya,Dongfang",LOC-0626
Qinghai,Huangnan,LOC-0627
Gansu,"Lanzhou,Tianshui",LOC-0628
,"Xi'an,Xining",LOC-0629
Shanghai,"Nanjing,Dongfang",LOC-0630
Jiangxi,,LOC-0631
Shandong,Taiyuan,LOC-0632
Shanghai,Dongfang,LOC-0633
Beijing,"Nanjing,Zhongshan",LOC-0634
,Dongfang,LOC-0635
"Fujian,Hongkong","Changzhou,Ningbo,Ding'an",LOC-0636
,Chaoyang,LOC-0637
Jiangsu,"Wuxi,Wenzhou",LOC-0638
,Chengdu,LOC-0639
"Zhejiang,Guangdong",Taizhou,LOC-0640
Shanghai,Suining,LOC-0641
"Beijing,Liaoning",Shenyang,LOC-0642
Jilin,"Jilin,Harbin",LOC-0643
Hainan,"Wenchang,Changjiang",LOC-0644
Jilin,"Jilin,Wenzhou",LOC-0645
,"Jinan,Qingdao",LOC-0646
,Yichun,LOC-0647
,"Handan,Shenzhen",LOC-0648
"Jiangsu,Zhejiang,Qinghai","Suzhou,Jiaxing,Xining",LOC-0649
"Zhejiang,Anhui",Ningbo,LOC-0650
Hebei,Qinhuangdao,LOC-0651
Henan,"Dezhou,Shangqiu",LOC-0652
"Beijing,Henan",,LOC-0653
"Beijing,Hebei,Shandong",,LOC-0654
,Sanya,LOC-0655
,"Suzhou,Xuzhou,Nanjing,Nantong",LOC-0656
,"Shenzhen,Chaozhou",LOC-0657
Guangdong,"Shenzhen,Chaozhou",LOC-0658
,"Nantong,Changsha",LOC-0659
"Jiangsu,Zhejiang,Jiangxi,Chongqing,Guizhou","Wenzhou,Hangzhou,Taizhou,Shenzhen",LOC-0660
"Jilin,Guangxi,Chongqing,Sichuan,Guizhou","Jilin,Beihai,Chengdu,Guiyang,Kunming",LOC-0661
"Inner mongolia,Shanghai,Zhejiang,Fujian,Hainan,Yunnan,Qinghai,Inner mongolia",Putian,LOC-0662
,"Taiyuan,Chengdu",LOC-0663
Zhejiang,"Wenzhou,Ningbo",LOC-0664
"Shanghai,Henan",Zhengzhou,LOC-0665
"Jilin,Heilongjiang","Jilin,Mudanjiang",LOC-0666
,"Wenzhou,Ningbo",LOC-0667
"Beijing,Shandong,Hainan",,LOC-0668
"Anhui,Fujian,Hubei,Hunan,Guangdong","Xiamen,Huangshi,Loudi,Dongguan",LOC-0669
,Ding'an,LOC-0670
"Anhui,Shandong",,LOC-0671
Jilin,"Jilin,Dongguan",LOC-0672
"Zhejiang,Anhui,Jiangxi,Henan,Sichuan,Guizhou","Ningbo,Nanchang",LOC-0673
,"Dalian,Zhongshan",LOC-0674
"Beijing,Shanghai,Zhejiang,Fujian,Henan,Guangdong","Xiamen,Quanzhou,Zhengzhou",LOC-0675
Beijing,"Harbin,Shenzhen",LOC-0676
"Beijing,Zhejiang","Jinhua,Lishui",LOC-0677
,Changzhou,LOC-0678
Hainan,Wenchang,LOC-0679
,Lingao,LOC-0680
"Jiangsu,Anhui,Hunan",Loudi,LOC-0681
"Liaoning,Hainan,Sichuan,Yunnan",Anshan,LOC-0682
Hainan,Shenzhen,LOC-0683
Shaanxi,Hanzhong,LOC-0684
"Jiangsu,Fujian",Fuzhou,LOC-0685
"Jilin,Jiangsu,Hubei,Hunan,Sichuan","Jilin,Yanbian,Qianjiang",LOC-0686
"Jiangsu,Hunan",,LOC-0687
"Hunan,Tibet","Yongzhou,Liuzhou,Laibin",LOC-0688
"Guangdong,Guangxi,Chongqing,Sichuan,Guizhou","Liuzhou,Hechi",LOC-0689
,Dezhou,LOC-0690
,Zhanjiang,LOC-0691
"Inner mongolia,Inner mongolia",Shijiazhuang,LOC-0692
Guangxi,"Liuzhou,Hechi",LOC-0693
Fujian,"Fuzhou,Sanming",LOC-0694
"Shanghai,Zhejiang",,LOC-0695
"Jiangsu,Zhejiang,Fujian,Guangdong,Guangxi","Shaoxing,Shenzhen",LOC-0696
"Henan,Guangdong",Dongguan,LOC-0697
Henan,Taizhou,LOC-0698
"Jiangsu,Hongkong","Xuzhou,Shenzhen",LOC-0699
"Shanghai,Anhui,Hongkong",,LOC-0700
Beijing,Shannan,LOC-0701
,Guang'an,LOC-0702
"Shanghai,Shandong","Jinan,Weifang,Shenzhen",LOC-0703
,"Beihai,Nanning,Liuzhou,Guilin,Hezhou",LOC-0704
Sichuan,"Chengdu,Guang'an",LOC-0705
"Heilongjiang,Hainan,Sichuan","Nanjing,Hangzhou,Mianyang",LOC-0706
"Beijing,Shanghai",Chaoyang,LOC-0707
Heilongjiang,"Shenyang,Chaoyang,Jinan,Qingdao",LOC-0708
Shanghai,Harbin,LOC-0709
,Linyi,LOC-0710
,"Zhenjiang,Dongfang",LOC-0711
Guangxi,"Chaoyang,Nanning",LOC-0712
Beijing,Shenyang,LOC-0713
Shandong,"Xiamen,Jinan,Dongguan,Shenzhen,Foshan,Qingyuan,Haidong",LOC-0714
,Jining,LOC-0715
"Fujian,Guangdong","Xiamen,Dongguan,Zhongshan,Shenzhen,Qingyuan",LOC-0716
Fujian,"Xiamen,Fuzhou",LOC-0717
,Shaoxing,LOC-0718
"Beijing,Anhui",Chaoyang,LOC-0719
"Beijing,Anhui",Suzhou,LOC-0720
Jilin,"Jilin,Changchun",LOC-0721
"Shanghai,Zhejiang,Anhui,Hongkong",Hangzhou,LOC-0722
"Chongqing,Sichuan",Suining,LOC-0723
Macao,,LOC-0724
Sichuan,"Chengdu,Xi'an",LOC-0725
"Liaoning,Jilin,Henan","Dalian,Jilin,Changchun",LOC-0726
Shanghai,Chaoyang,LOC-0727
"Beijing,Hebei",,LOC-0728
Jiangxi,"Ganzhou,Shenzhen",LOC-0729
"Shanghai,Zhejiang",Shaoxing,LOC-0730
"Beijing,Macao",,LOC-0731
"Beijing,Guangdong",,LOC-0732
"Zhejiang,Hunan",,LOC-0733
Ningxia,"Dalian,Yinchuan",LOC-0734
"Shanghai,Sichuan",Chengdu,LOC-0735
,Dalian,LOC-0736
Beijing,Jinhua,LOC-0737
Shandong,"Zibo,Xi'an",LOC-0738
Beijing,"Shaoxing,Jinan",LOC-0739
"Beijing,Shaanxi",Hanzhong,LOC-0740
"Beijing,Shaanxi","Nanyang,Xi'an,Shangluo",LOC-0741
Beijing,Fuzhou,LOC-0742
Beijing,Kunming,LOC-0743
"Beijing,Guizhou",Guiyang,LOC-0744
"Beijing,Zhejiang",,LOC-0745
Beijing,Shangluo,LOC-0746
"Beijing,Tianjin,Jiangsu",Nanjing,LOC-0747
"Beijing,Jiangsu",,LOC-0748
Beijing,"Hohhot,Wuhai",LOC-0749
Beijing,Heze,LOC-0750
Beijing,Ili,LOC-0751
,"Chengdu,Deyang",LOC-0752
Heilongjiang,Da hinggan ling,LOC-0753
"Beijing,Tianjin,Shanghai,Chongqing","Shijiazhuang,Qinhuangdao,Hohhot,Shenyang,Changchun,Suzhou,Xuzhou,Wuxi,Nanjing,Ningbo,Hangzhou,Xiamen,Fuzhou,Jinan,Qingdao,Zhengzhou,Luoyang,Changsha,Shenzhen,Chengdu,Guiyang,Kunming,Xi'an",LOC-0754
"Beijing,Jiangsu",Taizhou,LOC-0755
"Beijing,Henan",Xuchang,LOC-0756
Beijing,Taizhou,LOC-0757
Beijing,Pingxiang,LOC-0758
"Beijing,Jiangxi","Nanchang,Pingxiang",LOC-0759
Zhejiang,"Jinhua,Shaoxing",LOC-0760
,Jinhua,LOC-0761
,Yancheng,LOC-0762
"Beijing,Heilongjiang","Dalian,Heihe",LOC-0763
"Beijing,Shanghai,Fujian,Sichuan,Tibet",,LOC-0764
,Jiamusi,LOC-0765
Beijing,Weihai,LOC-0766
"Shanghai,Qinghai",Xining,LOC-0767
Qinghai,"Xining,Haixi",LOC-0768
"Beijing,Zhejiang",Huzhou,LOC-0769
"Beijing,Jiangxi",Nanchang,LOC-0770
"Beijing,Sichuan",,LOC-0771
Beijing,"Jinan,Dongying",LOC-0772
Beijing,Jingdezhen,LOC-0773
Shanghai,Shenzhen,LOC-0774
"Shanghai,Yunnan","Ningbo,Shenzhen,Kunming",LOC-0775
,Lanzhou,LOC-0776
"Beijing,Xinjiang",,LOC-0777
"Beijing,Qinghai",Haibei,LOC-0778
"Beijing,Jiangxi","Nanchang,Fuzhou",LOC-0779
Jilin,"Jilin,Zunyi",LOC-0780
"Beijing,Tianjin",,LOC-0781
Beijing,Ningbo,LOC-0782
Beijing,"Hohhot,Alxa",LOC-0783
Beijing,"Hohhot,Ulanqab",LOC-0784
"Shandong,Yunnan","Dalian,Ningbo,Jinan,Qingdao,Kunming",LOC-0785
Beijing,Yanbian,LOC-0786
,Huaibei,LOC-0787
Beijing,Bengbu,LOC-0788
"Beijing,Shanghai",Bengbu,LOC-0789
Jiangxi,"Nanchang,Yichun",LOC-0790
"Beijing,Shanxi",Yuncheng,LOC-0791
"Beijing,Jilin","Jilin,Liaoyuan",LOC-0792
"Beijing,Yunnan",Kunming,LOC-0793
"Jiangsu,Hubei",Shiyan,LOC-0794
,Tongling,LOC-0795
Shanghai,Fuzhou,LOC-0796
"Anhui,Hongkong","Suzhou,Bengbu,Huaibei,Tongling,Chizhou",LOC-0797
Zhejiang,"Wenzhou,Ningbo,Hangzhou",LOC-0798
"Beijing,Chongqing",,LOC-0799
"Beijing,Anhui",,LOC-0800
"Beijing,Heilongjiang",,LOC-0801
Shandong,"Jinan,Zibo",LOC-0802
Beijing,"Jinan,Zibo",LOC-0803
Beijing,Wenzhou,LOC-0804
"Jilin,Shanghai","Jilin,Changchun",LOC-0805
"Beijing,Jilin","Jilin,Changchun",LOC-0806
,Jiyuan,LOC-0807
"Beijing,Shandong",Linyi,LOC-0808
Beijing,Ganzhou,LOC-0809
,Hulun buir,LOC-0810
Beijing,"Jinan,Binzhou",LOC-0811
,Anshan,LOC-0812
Ningxia,,LOC-0813
,Xuchang,LOC-0814
,"Ningde,Binzhou",LOC-0815
,Ningde,LOC-0816
,Huangnan,LOC-0817
,Ordos,LOC-0818
,Shangqiu,LOC-0819
"Beijing,Guangxi",,LOC-0820
Shanghai,Nantong,LOC-0821
"Beijing,Hubei",Jingmen,LOC-0822
,Bengbu,LOC-0823
"Beijing,Zhejiang","Nanjing,Hangzhou",LOC-0824
,"Jinan,Dezhou",LOC-0825
,Baicheng,LOC-0826
,Nanyang,LOC-0827
Beijing,Suzhou,LOC-0828
,Lishui,LOC-0829
,Bayannur,LOC-0830
Jilin,"Jilin,Baicheng",LOC-0831
Beijing,Meishan,LOC-0832
,Xuancheng,LOC-0833
,Baotou,LOC-0834
Beijing,Chengdu,LOC-0835
"Tianjin,Shanghai",,LOC-0836
,Zhongwei,LOC-0837
,Haixi,LOC-0838
Beijing,"Zhengzhou,Anyang",LOC-0839
,Alxa,LOC-0840
,Ulanqab,LOC-0841
"Beijing,Shandong",Taian,LOC-0842
"Beijing,Heilongjiang",Harbin,LOC-0843
Beijing,Wuhu,LOC-0844
"Beijing,Jilin",Jilin,LOC-0845
,"Chengdu,Liangshan",LOC-0846
,Tangshan,LOC-0847
"Beijing,Hubei",Enshi,LOC-0848
"Hebei,Shanghai",Shijiazhuang,LOC-0849
,Huangshan,LOC-0850
,Linfen,LOC-0851
"Inner mongolia,Inner mongolia",Hohhot,LOC-0852
,Jiaxing,LOC-0853
,Leshan,LOC-0854
Shandong,"Qingdao,Zibo",LOC-0855
"Beijing,Shandong",Jinan,LOC-0856
"Tianjin,Shandong",Jinan,LOC-0857
,Guigang,LOC-0858
,Qinzhou,LOC-0859
Beijing,Qingdao,LOC-0860
"Beijing,Hebei",Shijiazhuang,LOC-0861
"Inner mongolia,Jiangsu,Henan,Inner mongolia","Dalian,Jinzhou,Fuxin,Lianyungang,Qingdao,Lanzhou,Baiyin",LOC-0862
"Beijing,Liaoning,Hongkong","Dalian,Jinzhou",LOC-0863
"Beijing,Inner mongolia,Inner mongolia",,LOC-0864
"Beijing,Fujian",Fuzhou,LOC-0865
"Beijing,Liaoning",Dalian,LOC-0866
"Tianjin,Heilongjiang,Sichuan,Hongkong",Panzhihua,LOC-0867
"Beijing,Zhejiang",Taizhou,LOC-0868
,"Dalian,Ali",LOC-0869
,Rizhao,LOC-0870
,Yangzhou,LOC-0871
"Guangxi,Chongqing",Shenzhen,LOC-0872
Beijing,Jiaxing,LOC-0873
"Beijing,Tibet",Lhasa,LOC-0874
Henan,"Zhengzhou,Luoyang",LOC-0875
Beijing,Huangshi,LOC-0876
Beijing,Baise,LOC-0877
Henan,Wenzhou,LOC-0878
Henan,"Jiaozuo,Yangjiang",LOC-0879
,Handan,LOC-0880
Henan,"Nanyang,Luoyang",LOC-0881
,Shuozhou,LOC-0882
"Inner mongolia,Inner mongolia",Alxa,LOC-0883
Guangxi,Chongzuo,LOC-0884
"Shanghai,Zhejiang,Chongqing","Taiyuan,Nanjing,Fuzhou,Sanming,Yantai",LOC-0885
Shanghai,Handan,LOC-0886
Beijing,"Lanzhou,Linxia",LOC-0887
"Beijing,Jilin","Jilin,Changchun,Baicheng",LOC-0888
Beijing,Changchun,LOC-0889
,Mianyang,LOC-0890
Beijing,"Taiyuan,Jincheng",LOC-0891
"Shanghai,Guizhou",Guiyang,LOC-0892
Beijing,Qiqihar,LOC-0893
,"Dalian,Xiamen",LOC-0894
,Langfang,LOC-0895
Beijing,Shaoxing,LOC-0896
"Shanghai,Guangdong",Shenzhen,LOC-0897
Beijing,Xuzhou,LOC-0898
Guizhou,Qiannan,LOC-0899
,"Ningbo,Shaoxing",LOC-0900
,Tonghua,LOC-0901
,"Shaoxing,Yan'an",LOC-0902
Tibet,Lhasa,LOC-0903
Hainan,"Qionghai,Dongfang,Danzhou,Lingao",LOC-0904
Beijing,Anshan,LOC-0905
"Shanghai,Anhui",,LOC-0906
Beijing,Liuzhou,LOC-0907
Liaoning,"Dalian,Zhongshan",LOC-0908
"Inner mongolia,Inner mongolia",Bayannur,LOC-0909
Shanxi,Jincheng,LOC-0910
"Anhui,Sichuan","Ningbo,Shenzhen,Chengdu,Mianyang,Guangyuan,Yibin",LOC-0911
"Tianjin,Hunan","Taiyuan,Dalian,Jinan,Zibo,Weifang,Weihai",LOC-0912
Xinjiang,Shihezi,LOC-0913
"Tianjin,Henan,Macao","Suzhou,Wuxi,Changzhou,Zhenjiang,Fuzhou,Jinan,Weifang,Zhengzhou,Shenzhen",LOC-0914
Jiangxi,Wenzhou,LOC-0915
"Beijing,Xinjiang",Changji,LOC-0916
"Beijing,Guizhou",Zunyi,LOC-0917
Hainan,"Shenzhen,Sanya",LOC-0918
Sichuan,"Shenzhen,Nanchong",LOC-0919
"Jilin,Henan",Jilin,LOC-0920
"Inner mongolia,Inner mongolia",Ordos,LOC-0921
,"Nantong,Shenzhen",LOC-0922
,Xinzhou,LOC-0923
Anhui,"Suzhou,Chengdu,Liangshan",LOC-0924
,Zibo,LOC-0925
"Beijing,Henan",Zhengzhou,LOC-0926
Guangxi,"Zhengzhou,Luohe,Shenzhen,Nanning",LOC-0927
,"Yueyang,Ziyang",LOC-0928
"Beijing,Jiangxi",,LOC-0929
"Inner mongolia,Inner mongolia",Ulanqab,LOC-0930
"Beijing,Heilongjiang",Jiamusi,LOC-0931
Beijing,Jiamusi,LOC-0932
"Beijing,Jilin","Jilin,Changchun,Tonghua",LOC-0933
"Beijing,Jilin","Jilin,Tonghua",LOC-0934
,Tongliao,LOC-0935
Chongqing,Shenzhen,LOC-0936
"Beijing,Henan",Xinxiang,LOC-0937
,Guangyuan,LOC-0938
"Beijing,Sichuan",Nanchong,LOC-0939
Sichuan,Nanchong,LOC-0940
"Heilongjiang,Henan,Hubei","Heihe,Taian,Zhoukou",LOC-0941
Guangxi,"Shenzhen,Chongzuo,Xining",LOC-0942
,Datong,LOC-0943
Beijing,Xi'an,LOC-0944
,Cangzhou,LOC-0945
,Huzhou,LOC-0946
,Zhoushan,LOC-0947
Beijing,"Nanchang,Ganzhou,Pingxiang",LOC-0948
Beijing,Jinan,LOC-0949
Beijing,"Jinan,Weihai",LOC-0950
Yunnan,Wenshan,LOC-0951
Beijing,"Chengdu,Guang'an",LOC-0952
"Beijing,Tianjin,Hebei,Shanghai,Anhui,Shandong,Hunan,Guangdong,Sichuan","Dalian,Jinzhou,Nanjing,Hangzhou,Xiamen,Quanzhou,Putian,Qingdao,Shenzhen",LOC-0953
"Beijing,Henan",Luoyang,LOC-0954
"Shanghai,Zhejiang","Wenzhou,Hangzhou",LOC-0955
"Beijing,Shanghai",Lishui,LOC-0956
,Benxi,LOC-0957
Shaanxi,"Kunming,Xi'an",LOC-0958
"Beijing,Shanxi",Linfen,LOC-0959
Beijing,"Jinan,Dezhou",LOC-0960
"Beijing,Zhejiang",Hangzhou,LOC-0961
"Beijing,Zhejiang","Wenzhou,Hangzhou",LOC-0962
"Beijing,Shanghai",Dalian,LOC-0963
"Hebei,Shanxi",,LOC-0964
"Beijing,Shanghai,Henan",Zhengzhou,LOC-0965
,Taiyuan,LOC-0966
Liaoning,Benxi,LOC-0967
,Yuncheng,LOC-0968
"Tianjin,Hubei","Jinan,Shenzhen",LOC-0969
"Beijing,Shaanxi",Xi'an,LOC-0970
,Shiyan,LOC-0971
,"Xinyang,Hechi",LOC-0972
"Beijing,Hunan",Changsha,LOC-0973
,Xing'an league,LOC-0974
Anhui,"Hangzhou,Jiaxing",LOC-0975
Beijing,"Wenzhou,Taizhou",LOC-0976
Beijing,"Hangzhou,Jiaxing",LOC-0977
Beijing,"Jinan,Yantai",LOC-0978
Beijing,Guiyang,LOC-0979
"Beijing,Yunnan",,LOC-0980
"Beijing,Hubei",Huangshi,LOC-0981
"Beijing,Shanxi",,LOC-0982
Beijing,Ulanqab,LOC-0983
"Beijing,Shanghai",Taian,LOC-0984
Beijing,Guilin,LOC-0985
Beijing,Fuxin,LOC-0986
"Shanghai,Chongqing",,LOC-0987
Hongkong,"Dalian,Harbin",LOC-0988
"Beijing,Henan",Shangqiu,LOC-0989
"Beijing,Hebei,Jiangsu,Hunan,Guangdong,Gansu","Handan,Nanjing,Zhenjiang,Shaoxing,Xiamen,Hengyang,Wenchang,Wuwei",LOC-0990
,"Xiamen,Quanzhou",LOC-0991
Beijing,Xiamen,LOC-0992
Beijing,"Xiamen,Ganzhou",LOC-0993
,Wuzhong,LOC-0994
Shanxi,Jinzhong,LOC-0995
"Beijing,Jiangsu",Suzhou,LOC-0996
"Beijing,Guangxi",Nanning,LOC-0997
,Bortala,LOC-0998
Beijing,Nantong,LOC-0999
,"Ordos,Xilin gol",LOC-1000
Beijing,Shizuishan,LOC-1001
Beijing,Huzhou,LOC-1002
Beijing,Harbin,LOC-1003
"Beijing,Hebei",Langfang,LOC-1004
Beijing,Tangshan,LOC-1005
"Beijing,Shanghai,Guangxi",Nanning,LOC-1006
,"Guiyang,Qiannan",LOC-1007
"Beijing,Xinjiang",Urumqi,LOC-1008
Beijing,Dongying,LOC-1009
"Henan,Guangxi",Nanning,LOC-1010
Beijing,Zhoushan,LOC-1011
Beijing,"Chengdu,Bazhong",LOC-1012
"Beijing,Chongqing",Ningbo,LOC-1013
Beijing,Zhaotong,LOC-1014
Beijing,Yantai,LOC-1015
,"Wenzhou,Zhongshan",LOC-1016
,"Hangzhou,Jiaxing",LOC-1017
,Huainan,LOC-1018
,"Xiamen,Fuzhou",LOC-1019
Beijing,Huainan,LOC-1020
,Qianxinan,LOC-1021
Beijing,Wuxi,LOC-1022
Beijing,Lishui,LOC-1023
"Jiangxi,Shandong",,LOC-1024
Jiangxi,Xi'an,LOC-1025
Beijing,Dezhou,LOC-1026
Beijing,"Ningbo,Xuancheng,Panzhihua",LOC-1027
,Sanming,LOC-1028
,"Xiamen,Sanming",LOC-1029
Shaanxi,"Dandong,Yingkou,Wenzhou,Taizhou,Quanzhou,Fuzhou,Xi'an",LOC-1030
,Shizuishan,LOC-1031
"Shanghai,Anhui",Wuhu,LOC-1032
,Quanzhou,LOC-1033
"Beijing,Shandong,Hainan",Sanya,LOC-1034
,Ganzhou,LOC-1035
,Liaoyuan,LOC-1036
Shanghai,Changji,LOC-1037
,Aksu,LOC-1038
,Yantai,LOC-1039
,Heze,LOC-1040
,Liaocheng,LOC-1041
,Kaifeng,LOC-1042
Guangxi,Yulin,LOC-1043
,Dandong,LOC-1044
Jilin,"Jilin,Yanbian",LOC-1045
,Yanbian,LOC-1046
,Fuxin,LOC-1047
,"Dalian,Fuxin",LOC-1048
,Foshan,LOC-1049
,"Zhuhai,Foshan",LOC-1050
,"Wuxi,Ningbo",LOC-1051
"Beijing,Guangxi","Nanchang,Rizhao,Nanning",LOC-1052
"Beijing,Tianjin,Jilin","Shuozhou,Dalian,Shenyang,Jilin,Changzhou,Wenzhou,Jinhua,Nanning",LOC-1053
"Shanghai,Jiangsu","Suzhou,Lishui,Linyi,Shenzhen",LOC-1054
,Taizhou,LOC-1055
Beijing,Dongguan,LOC-1056
Sichuan,"Chengdu,Dazhou,Leshan,Meishan",LOC-1057
"Tianjin,Jilin,Shanghai,Hubei","Jilin,Wenzhou,Huangshi",LOC-1058
"Shanghai,Zhejiang,Guizhou,Inner mongolia","Wenzhou,Hangzhou,Guiyang",LOC-1059
,Zhuhai,LOC-1060
"Liaoning,Shaanxi,Qinghai","Xi'an,Xining",LOC-1061
"Jiangxi,Guangdong",,LOC-1062
,Guiyang,LOC-1063
Zhejiang,Huaihua,LOC-1064
Heilongjiang,Sanya,LOC-1065
Sichuan,"Chengdu,Guiyang",LOC-1066
"Shanghai,Guangxi","Shenzhen,Nanning",LOC-1067
"Beijing,Shanghai,Chongqing","Shenyang,Shenzhen",LOC-1068
"Inner mongolia,Shanghai,Fujian,Guangxi,Qinghai,Inner mongolia","Xining,Haidong",LOC-1069
"Hebei,Hubei","Baoding,Dalian,Zhoukou",LOC-1070
,"Nanjing,Nantong",LOC-1071
"Tianjin,Shanghai,Jiangsu",,LOC-1072
"Shanxi,Ningxia",Taiyuan,LOC-1073
"Tianjin,Fujian",Xiamen,LOC-1074
"Shanxi,Shaanxi","Yiyang,Yulin,Yan'an",LOC-1075
"Beijing,Hebei,Zhejiang","Shijiazhuang,Langfang,Wenzhou",LOC-1076
"Shandong,Yunnan,Hongkong","Qingdao,Yantai,Dongying",LOC-1077
"Beijing,Shandong",Qingdao,LOC-1078
Guizhou,Tongren,LOC-1079
"Shanxi,Jiangsu,Chongqing,Guizhou,Tibet",,LOC-1080
Zhejiang,"Ordos,Nantong,Jiaxing,Ningde,Qingdao",LOC-1081
Hainan,"Sanya,Ali",LOC-1082
"Beijing,Shanghai","Hangzhou,Jiaxing,Quanzhou,Nanchang,Dongguan,Foshan,Nanning,Kunming",LOC-1083
"Inner mongolia,Jiangsu,Inner mongolia","Hohhot,Ordos,Ali",LOC-1084
Hunan,"Changsha,Zhuzhou",LOC-1085
"Fujian,Jiangxi,Hainan",Sanya,LOC-1086
"Beijing,Jiangsu",Xuzhou,LOC-1087
"Jiangsu,Zhejiang,Sichuan","Linfen,Panjin,Hangzhou,Chengdu,Dazhou",LOC-1088
Sichuan,"Linfen,Panjin,Nantong,Jiaxing,Qingdao,Chengdu,Dazhou",LOC-1089
"Chongqing,Sichuan","Chengdu,Panzhihua",LOC-1090
Jiangxi,"Xiamen,Fuzhou",LOC-1091
Jilin,"Jilin,Liaoyuan",LOC-1092
"Beijing,Inner mongolia,Inner mongolia",Yantai,LOC-1093
"Shanghai,Shandong","Jinan,Liaocheng",LOC-1094
Shanxi,"Jinzhong,Dazhou",LOC-1095
Shandong,"Jinan,Heze",LOC-1096
"Hebei,Qinghai",Xining,LOC-1097
Shaanxi,"Chengdu,Xi'an,Weinan",LOC-1098
Sichuan,Liangshan,LOC-1099
"Gansu,Macao",Jiuquan,LOC-1100
"Beijing,Shanghai,Zhejiang",Jiaxing,LOC-1101
"Hebei,Zhejiang","Shijiazhuang,Wenzhou",LOC-1102
Shandong,"Binzhou,Dezhou,Beihai",LOC-1103
"Beijing,Hainan","Qinhuangdao,Hangzhou,Sanya",LOC-1104
"Chongqing,Shaanxi",,LOC-1105
"Zhejiang,Yunnan","Shaoxing,Dongfang",LOC-1106
"Inner mongolia,Inner mongolia",Xilin gol,LOC-1107
Hunan,"Changsha,Shaoyang,Yiyang",LOC-1108
Sichuan,"Huzhou,Chengdu",LOC-1109
"Inner mongolia,Inner mongolia",Tongliao,LOC-1110
"Shanxi,Shaanxi",,LOC-1111
Liaoning,"Shenyang,Ningde",LOC-1112
,"Dalian,Yingkou",LOC-1113
"Beijing,Shanxi,Jilin","Chaoyang,Jilin,Changchun,Yanbian,Tonghua,Shenzhen",LOC-1114
"Guangdong,Guangxi",,LOC-1115
"Zhejiang,Guangxi","Wenzhou,Guilin,Hezhou",LOC-1116
"Zhejiang,Anhui,Yunnan",Suzhou,LOC-1117
Guangxi,"Guilin,Hezhou",LOC-1118
"Beijing,Tianjin,Hebei,Shanghai,Anhui,Chongqing,Sichuan,Guizhou","Bengbu,Chengdu",LOC-1119
Shanxi,"Taiyuan,Datong,Jinzhong",LOC-1120
,"Yiyang,Ziyang",LOC-1121
"Liaoning,Macao","Shenyang,Jinzhou",LOC-1122
Zhejiang,Fuzhou,LOC-1123
"Inner mongolia,Inner mongolia","Wuhai,Hengyang",LOC-1124
"Beijing,Shaanxi",,LOC-1125
"Beijing,Hebei,Shanxi,Heilongjiang,Shanghai","Langfang,Ningbo,Bengbu,Qingdao",LOC-1126
Sichuan,"Dalian,Chengdu",LOC-1127
Zhejiang,Shenzhen,LOC-1128
"Hunan,Guangxi","Huaihua,Liuzhou",LOC-1129
"Shanghai,Sichuan","Guang'an,Panzhihua,Ya'an,Yibin",LOC-1130
"Shanghai,Zhejiang,Fujian,Sichuan",Chengdu,LOC-1131
,"Zhengzhou,Nanyang",LOC-1132
"Heilongjiang,Shandong","Liaocheng,Gannan",LOC-1133
"Shandong,Hubei","Linyi,Shiyan",LOC-1134
"Jiangsu,Shandong",Yangzhou,LOC-1135
"Hebei,Jiangxi,Hunan","Shijiazhuang,Fuzhou",LOC-1136
Zhejiang,"Hangzhou,Taizhou,Ali",LOC-1137
"Shanghai,Jiangsu",Nanjing,LOC-1138
Beijing,Changzhou,LOC-1139
"Beijing,Tianjin,Shanxi,Shanghai","Jinzhong,Zhongshan",LOC-1140
,"Shenyang,Panjin",LOC-1141
"Zhejiang,Shaanxi","Wenzhou,Xi'an",LOC-1142
Sichuan,"Mianyang,Liangshan",LOC-1143
"Tianjin,Hebei,Shanghai,Chongqing","Shuangyashan,Xi'an",LOC-1144
"Chongqing,Guizhou","Qianxinan,Anshun",LOC-1145
,Loudi,LOC-1146
"Beijing,Chongqing",Taian,LOC-1147
"Beijing,Shanxi,Liaoning,Macao","Jinzhong,Chaoyang,Fuxin",LOC-1148
Shandong,"Linyi,Dezhou",LOC-1149
"Shanghai,Zhejiang,Fujian","Nanjing,Nanping",LOC-1150
Guangxi,"Guigang,Liuzhou",LOC-1151
"Hubei,Hunan","Shiyan,Yongzhou",LOC-1152
"Beijing,Henan","Zhengzhou,Shangqiu,Dongfang",LOC-1153
"Shandong,Hongkong","Qingdao,Zibo",LOC-1154
Zhejiang,"Jinhua,Ali",LOC-1155
Hebei,Hengshui,LOC-1156
"Shanghai,Hubei","Fuzhou,Jinan,Jingzhou",LOC-1157
"Beijing,Hunan",Yongzhou,LOC-1158
"Zhejiang,Sichuan",Chengdu,LOC-1159
"Shandong,Yunnan",,LOC-1160
"Guangdong,Guangxi","Yulin,Nanning,Liuzhou,Ali",LOC-1161
,"Baotou,Hohhot",LOC-1162
,Yongzhou,LOC-1163
,"Shijiazhuang,Handan",LOC-1164
Shanxi,"Yuncheng,Jincheng,Dongfang",LOC-1165
"Guangxi,Gansu,Macao","Putian,Lanzhou",LOC-1166
Fujian,"Nanjing,Ningde",LOC-1167
"Zhejiang,Anhui","Huaibei,Beihai",LOC-1168
"Beijing,Fujian,Guangdong","Quanzhou,Shenzhen,Dongfang",LOC-1169
,Yulin,LOC-1170
,"Jiaxing,Huzhou",LOC-1171
"Hebei,Heilongjiang","Harbin,Heihe",LOC-1172
Liaoning,"Shenyang,Anshan,Dezhou",LOC-1173
Jiangsu,"Nanjing,Zhenjiang",LOC-1174
Sichuan,"Nanchong,Deyang,Bazhong",LOC-1175
,Zigong,LOC-1176
Guangxi,"Dalian,Heihe,Nanning",LOC-1177
"Jilin,Shanghai",Jilin,LOC-1178
Anhui,"Anshan,Huaibei,Huangshan",LOC-1179
Hubei,Taian,LOC-1180
Jilin,"Jilin,Changchun,Liaoyuan",LOC-1181
"Hebei,Heilongjiang","Tangshan,Harbin",LOC-1182
"Inner mongolia,Inner mongolia",Yantai,LOC-1183
Henan,Ningbo,LOC-1184
"Beijing,Shandong,Gansu",Heze,LOC-1185
,Yinchuan,LOC-1186
Beijing,"Xiamen,Quanzhou",LOC-1187
,Jiujiang,LOC-1188
"Hubei,Guizhou","Taiyuan,Xiaogan",LOC-1189
"Zhejiang,Fujian,Jiangxi","Jinhua,Quanzhou,Nanchang,Jiujiang",LOC-1190
Chongqing,Dalian,LOC-1191
,Liaoyang,LOC-1192
,"Meishan,Ganzi",LOC-1193
"Jilin,Shandong,Henan,Qinghai,Ningxia","Jilin,Qingdao,Zhengzhou,Luohe",LOC-1194
"Tianjin,Zhejiang,Henan,Hubei,Guangxi,Hainan,Chongqing,Sichuan,Yunnan,Shaanxi","Zhengzhou,Meishan,Yulin",LOC-1195
"Tibet,Gansu","Ali,Xi'an,Lanzhou",LOC-1196
Beijing,Datong,LOC-1197
Beijing,"Zhenjiang,Wenzhou,Jinhua",LOC-1198
"Shanghai,Guizhou","Guiyang,Zunyi,Tongren,Anshun",LOC-1199
Beijing,Zhuhai,LOC-1200
"Shandong,Guangdong","Rizhao,Foshan",LOC-1201
"Beijing,Liaoning,Shandong,Ningxia",Anshan,LOC-1202
Beijing,"Datong,Lingao",LOC-1203
"Guizhou,Gansu",Anshun,LOC-1204
Guangxi,"Shenzhen,Nanning",LOC-1205
"Jiangsu,Zhejiang,Jiangxi,Hubei","Xuzhou,Wenzhou,Nanchang",LOC-1206
Qinghai,"Xining,Haidong",LOC-1207
"Jilin,Hainan","Jilin,Changchun,Taian,Chengdu",LOC-1208
"Jilin,Yunnan","Jilin,Yiyang,Qujing",LOC-1209
"Beijing,Hebei,Shanghai,Zhejiang","Hangzhou,Jinhua,Chengdu",LOC-1210
"Jiangsu,Jiangxi","Wuxi,Nanjing,Nantong",LOC-1211
"Hubei,Shaanxi","Yangzhou,Qianjiang,Shenzhen,Xi'an",LOC-1212
Xinjiang,"Baiyin,Urumqi,Karamay",LOC-1213
"Hunan,Guangdong","Yongzhou,Zhanjiang",LOC-1214
"Tianjin,Chongqing,Sichuan","Baotou,Dalian,Zhongshan,Dongfang,Chengdu,Deyang,Yinchuan",LOC-1215
Gansu,"Xinyu,Zhangye",LOC-1216
"Liaoning,Henan,Hunan,Sichuan","Luoyang,Chengdu",LOC-1217
"Beijing,Tianjin,Inner mongolia,Gansu,Inner mongolia",Jiayuguan,LOC-1218
,"Changsha,Zhuzhou",LOC-1219
"Inner mongolia,Jiangxi,Henan,Inner mongolia","Hohhot,Ganzhou,Beihai",LOC-1220
Shandong,"Zibo,Weifang",LOC-1221
Guizhou,"Guiyang,Zunyi",LOC-1222
"Beijing,Anhui",Huaibei,LOC-1223
"Beijing,Guangxi","Yulin,Liuzhou,Dongfang,Ali",LOC-1224
"Shandong,Hubei,Guangdong","Xiamen,Qingdao",LOC-1225
Xinjiang,"Shannan,Urumqi,Ili,Changji,Shihezi,Aksu,Kashgar",LOC-1226
"Hebei,Hunan,Guangdong","Tangshan,Shenzhen",LOC-1227
"Beijing,Shanxi,Heilongjiang,Shanghai,Fujian,Jiangxi","Dalian,Harbin,Yantai",LOC-1228
"Shanghai,Guangdong,Hongkong","Zhongshan,Shenzhen,Foshan",LOC-1229
,Ganzi,LOC-1230
Macao,Jiangmen,LOC-1231
"Hebei,Shanghai,Henan","Xingtai,Langfang,Qingdao,Zhengzhou,Jiaozuo",LOC-1232
"Hebei,Shanxi,Jilin,Sichuan","Jincheng,Jilin,Nantong,Chengdu,Nanchong,Guang'an",LOC-1233
"Heilongjiang,Shanghai,Guangdong,Hainan","Harbin,Sanya",LOC-1234
"Liaoning,Henan",Dalian,LOC-1235
"Beijing,Liaoning",Chaoyang,LOC-1236
"Guangxi,Chongqing",Baise,LOC-1237
"Beijing,Guangdong,Chongqing",,LOC-1238
,Zhoukou,LOC-1239
,Dehong,LOC-1240
,Huludao,LOC-1241
Zhejiang,"Jiaxing,Ningde",LOC-1242
"Hunan,Guangdong",Yongzhou,LOC-1243
"Beijing,Hubei,Guangdong",Shenzhen,LOC-1244
"Anhui,Henan","Guiyang,Weinan",LOC-1245
"Beijing,Zhejiang",Shaoxing,LOC-1246
Hunan,"Changsha,Shaoyang,Hengyang,Zhuzhou,Yueyang,Yiyang,Zhangjiajie",LOC-1247
Hunan,Weinan,LOC-1248
"Hunan,Guangdong",,LOC-1249
"Beijing,Hebei,Shanghai,Shandong","Shijiazhuang,Binzhou,Dongfang",LOC-1250
"Shanxi,Liaoning,Jilin,Jiangsu,Anhui,Guangdong","Jilin,Yanbian,Suzhou,Shenzhen",LOC-1251
"Beijing,Shanghai,Guangxi","Liuzhou,Guilin",LOC-1252
"Tianjin,Shanxi","Jinzhong,Shenzhen",LOC-1253
,Qitaihe,LOC-1254
"Inner mongolia,Henan,Inner mongolia",,LOC-1255
"Anhui,Yunnan",Suzhou,LOC-1256
"Yunnan,Ningxia","Kunming,Lanzhou,Yinchuan",LOC-1257
"Beijing,Hebei,Henan","Handan,Xingtai,Anyang",LOC-1258
Guangdong,Jieyang,LOC-1259
"Beijing,Hebei,Shanxi,Shanghai","Langfang,Taiyuan,Ningbo,Bengbu,Qingdao",LOC-1260
"Zhejiang,Hunan","Nanjing,Hangzhou,Changsha",LOC-1261
"Jiangsu,Zhejiang,Guangdong",Wuxi,LOC-1262
"Inner mongolia,Shanghai,Jiangxi,Inner mongolia",Nanchang,LOC-1263
,Liangshan,LOC-1264
